strength,type,zscore,iforest,lof,consensus_2plus
3,price_spike,0.006872852233676976,0.013745704467353952,0.030927835051546393,0.006872852233676976
3,volume_spike,0.010416666666666666,0.010416666666666666,0.024305555555555556,0.006944444444444444
3,combo,0.027586206896551724,0.027586206896551724,0.041379310344827586,0.027586206896551724
3,all,0.014959723820483314,0.01726121979286536,0.03222094361334868,0.01380897583429229
3,precision_at_k,0.006904487917146145,0.006904487917146145,0.005753739930955121,
6,price_spike,0.07560137457044673,0.048109965635738834,0.06872852233676977,0.041237113402061855
6,volume_spike,0.034722222222222224,0.041666666666666664,0.034722222222222224,0.034722222222222224
6,combo,0.03103448275862069,0.027586206896551724,0.07241379310344828,0.027586206896551724
6,all,0.047180667433831994,0.039125431530494824,0.05868814729574223,0.03452243958573072
6,precision_at_k,0.00805523590333717,0.00805523590333717,0.023014959723820484,
12,price_spike,0.5120274914089347,0.5601374570446735,0.07216494845360824,0.5017182130584192
12,volume_spike,0.40625,0.25,0.059027777777777776,0.24305555555555555
12,combo,0.11379310344827587,0.43103448275862066,0.1310344827586207,0.1310344827586207
12,all,0.3440736478711162,0.4142692750287687,0.08745684695051784,0.29228998849252014
12,precision_at_k,0.03682393555811277,0.02991944764096663,0.04372842347525892,
24,price_spike,1.0,0.9965635738831615,0.1134020618556701,0.9965635738831615
24,volume_spike,1.0,0.9756944444444444,0.2152777777777778,0.9965277777777778
24,combo,0.5413793103448276,0.9862068965517241,0.1896551724137931,0.5689655172413793
24,all,0.8469505178365938,0.9861910241657077,0.17261219792865362,0.85385500575374
24,precision_at_k,0.27502876869965476,0.36363636363636365,0.09436133486766399,
